"e7d2f72","wahahahaha","2018-09-01 09:30:43 +0800","dao"
"b194cc9","莱月昂","2018-08-27 13:51:12 +0800","莱月昂"
"5abf000","莱月昂","2018-08-27 13:48:24 +0800","莱月昂"
"c80dba7","milrk丶钥匙","2018-08-21 19:37:03 +0800","Merge branch 'master' of https://github.com/wwwhahahaha/ManageScore"
"ae8d74e","milrk丶钥匙","2018-08-21 19:36:54 +0800","1"
"5fbb9ed","莱月昂","2018-08-20 15:09:05 +0800","莱月昂"
"6c802c9","莱月昂","2018-08-20 15:05:13 +0800","莱月昂"
"cb3f736","milrk丶钥匙","2018-08-17 18:10:10 +0800","1"
"1ab06f9","milrk丶钥匙","2018-08-16 19:10:19 +0800","1"
"0f05e41","莱月昂","2018-08-14 15:23:04 +0800","莱月昂"
"4dfbf47","莱月昂","2018-08-14 15:21:04 +0800","莱月昂"
"c9edaaa","milrk丶钥匙","2018-08-11 12:10:15 +0800","Merge branch 'master' of https://github.com/wwwhahahaha/ManageScore"
"c4813f0","milrk丶钥匙","2018-08-11 12:09:57 +0800","1"
"bffa43f","莱月昂","2018-08-07 16:14:04 +0800","莱月昂"
"f24b2a6","莱月昂","2018-08-07 16:10:17 +0800","莱月昂"
"bf8a3f8","xianyuya","2018-08-05 11:25:13 +0800","Add files via upload"
"7d756ed","milrk丶钥匙","2018-07-31 22:15:04 +0800","1"
"d41fb5b","milrk丶钥匙","2018-07-30 22:49:46 +0800","1"
"24993e9","milrk丶钥匙","2018-07-30 22:48:41 +0800","1"
"53c2cb5","莱月昂","2018-07-30 15:05:33 +0800","莱月昂"
"f6576bd","莱月昂","2018-07-30 15:03:09 +0800","莱月昂"
"86e1d0e","xianyuya","2018-07-27 20:20:33 +0800","Add files via upload"
"bd342e2","milrk丶钥匙","2018-07-27 12:48:00 +0800","Merge branch 'master' of https://github.com/wwwhahahaha/ManageScore"
"eccced9","milrk丶钥匙","2018-07-27 12:47:36 +0800","milrk丶钥匙"
"47bd1f2","莱月昂","2018-07-24 15:31:41 +0800","莱月昂"
"fd17269","莱月昂","2018-07-24 15:28:27 +0800","莱月昂"
"2728f21","kaoshenya","2018-07-23 16:25:39 +0800","32y"
"3f28bd9","milrk丶钥匙","2018-07-21 21:33:28 +0800","Merge branch 'master' of https://github.com/wwwhahahaha/ManageScore"
"a281e9f","milrk丶钥匙","2018-07-21 21:33:12 +0800","milrk丶钥匙"
"6e23580","莱月昂","2018-07-19 16:17:40 +0800","莱月昂"
"5691412","莱月昂","2018-07-19 16:12:31 +0800","莱月昂"
"624b5dc","kaoshenya","2018-07-17 11:33:36 +0800","nb2"
"32ccd1f","kaoshenya","2018-07-15 16:50:13 +0800","2"
"9d216ff","wahahahaha","2018-07-14 22:48:09 +0800","2"
"95088a6","莱月昂","2018-07-14 18:05:08 +0800","莱月昂"
"78689ae","wahahahaha","2018-07-14 16:57:32 +0800","项目重建"